Id,n_patches,patch_01,patch_02,patch_03,patch_04,patch_05,patch_06,patch_07,patch_08,patch_09,patch_10,patch_11,patch_12,patch_13,patch_14,patch_15,patch_16,patch_17,patch_18,patch_19,patch_20,patch_21,patch_22,patch_23,patch_24,patch_25,patch_26,patch_27,patch_28,patch_29,patch_30,patch_31,patch_32,patch_33,patch_34,patch_35,patch_36,patch_37,patch_38,patch_39,patch_40,patch_41,patch_42,patch_43,patch_44,patch_45,patch_46,patch_47,patch_48,patch_49,patch_50,patch_51,patch_52,patch_53,patch_54,patch_55,patch_56,patch_57,patch_58,patch_59,patch_60,patch_61,patch_62,patch_63,patch_64,patch_65,patch_66,patch_67,patch_68,patch_69,patch_70,patch_71,patch_72,patch_73,patch_74,patch_75,patch_76,patch_77,patch_78,patch_79,patch_80,patch_81,patch_82,patch_83,patch_84,patch_85,patch_86,patch_87,constellation
constellation_01,23,"(147, 1514, 1)",-1,"(1825, 2524, 0)",-1,"(126, 1531, 1)","(1138, 1627, 0)",-1,"(252, 1346, 1)","(1799, 2213, 0)","(1836, 1613, 0)","(137, 1548, 1)","(1126, 1566, 0)","(1632, 1672, 0)","(106, 1563, 1)","(1663, 2468, 0)","(946, 1552, 0)","(124, 1547, 1)","(2365, 2057, 0)","(1571, 2226, 0)","(194, 1420, 1)","(2066, 705, 0)","(2101, 1181, 0)","(1662, 778, 0)",-1,-1,-1,-1,-1,-1,-1,-1,-1,-1,-1,-1,-1,-1,-1,-1,-1,-1,-1,-1,-1,-1,-1,-1,-1,-1,-1,-1,-1,-1,-1,-1,-1,-1,-1,-1,-1,-1,-1,-1,-1,-1,-1,-1,-1,-1,-1,-1,-1,-1,-1,-1,-1,-1,-1,-1,-1,-1,-1,-1,-1,-1,-1,-1,carina
constellation_02,24,"(1115, 1061, 1)","(800, 1578, 1)",-1,"(1349, 634, 0)","(1399, 2003, 1)","(754, 1869, 1)","(2500, 508, 0)",-1,"(533, 182, 0)","(1727, 1842, 1)","(1022, 46, 0)","(2324, 72, 0)",-1,"(1452, 703, 1)","(1992, 958, 0)",-1,"(2167, 2580, 0)","(1861, 1629, 1)",-1,"(1066, 2175, 0)",-1,-1,-1,"(1175, 2044, 1)",-1,-1,-1,-1,-1,-1,-1,-1,-1,-1,-1,-1,-1,-1,-1,-1,-1,-1,-1,-1,-1,-1,-1,-1,-1,-1,-1,-1,-1,-1,-1,-1,-1,-1,-1,-1,-1,-1,-1,-1,-1,-1,-1,-1,-1,-1,-1,-1,-1,-1,-1,-1,-1,-1,-1,-1,-1,-1,-1,-1,-1,-1,-1,corona-australis
constellation_03,31,"(1090, 2791, 0)","(788, 637, 1)","(2546, 1264, 0)","(437, 2573, 1)","(1950, 2410, 0)",-1,-1,"(436, 2575, 0)","(1777, 2486, 0)","(1430, 1743, 0)","(1088, 2792, 1)","(436, 2574, 0)",-1,"(2535, 1029, 0)",-1,"(1403, 2777, 1)","(2170, 1740, 0)",-1,-1,-1,"(1952, 2410, 0)",-1,"(25, 2549, 1)",-1,-1,"(300, 2299, 0)",-1,"(580, 2807, 0)","(2545, 1264, 0)",-1,"(1952, 2411, 0)",-1,-1,-1,-1,-1,-1,-1,-1,-1,-1,-1,-1,-1,-1,-1,-1,-1,-1,-1,-1,-1,-1,-1,-1,-1,-1,-1,-1,-1,-1,-1,-1,-1,-1,-1,-1,-1,-1,-1,-1,-1,-1,-1,-1,-1,-1,-1,-1,-1,-1,-1,-1,-1,-1,-1,-1,pisces
constellation_04,54,"(1175, 295, 0)","(2401, 2219, 0)",-1,"(2821, 898, 1)","(2880, 330, 0)","(1866, 1917, 0)",-1,"(2599, 1465, 0)","(1857, 1919, 0)",-1,"(1749, 2673, 0)","(2633, 1193, 1)",-1,"(1480, 459, 0)",-1,"(1953, 2481, 0)","(1345, 560, 0)","(2634, 1203, 1)","(846, 51, 0)","(2402, 2221, 0)","(2826, 1244, 1)","(2580, 1619, 0)",-1,-1,-1,"(2831, 1247, 1)",-1,"(1656, 80, 0)","(1724, 2469, 0)","(1029, 890, 0)",-1,-1,"(2846, 1249, 1)",-1,"(2351, 2857, 0)","(2279, 1889, 0)","(2853, 974, 1)",-1,-1,"(1284, 2683, 0)",-1,"(1752, 1199, 0)","(2869, 1105, 0)","(2548, 596, 0)",-1,"(1295, 336, 0)",-1,"(2255, 994, 0)","(2358, 2849, 0)","(2354, 205, 0)","(1590, 2130, 0)","(1564, 236, 0)",-1,"(1458, 1709, 0)",-1,-1,-1,-1,-1,-1,-1,-1,-1,-1,-1,-1,-1,-1,-1,-1,-1,-1,-1,-1,-1,-1,-1,-1,-1,-1,-1,-1,-1,-1,-1,-1,-1,orion
constellation_05,87,-1,-1,"(920, 689, 0)","(1524, 2969, 0)",-1,"(1254, 2505, 1)","(1890, 2983, 0)","(1296, 2603, 1)","(1384, 1242, 0)","(2362, 1024, 0)",-1,-1,"(2394, 2894, 0)","(620, 2672, 1)","(941, 2420, 0)","(543, 1409, 0)",-1,"(2017, 988, 0)","(587, 943, 0)","(901, 2567, 0)","(854, 2893, 1)","(245, 544, 0)","(2140, 268, 0)","(1537, 2973, 0)","(2754, 146, 0)","(1019, 1588, 0)","(2395, 2899, 0)",-1,"(1156, 2672, 0)",-1,"(2459, 1192, 0)","(1119, 2001, 0)","(1223, 2547, 1)","(911, 2348, 0)","(1318, 1839, 0)",-1,"(717, 506, 0)",-1,-1,"(2393, 2896, 0)","(894, 2808, 0)","(832, 2424, 0)",-1,"(1568, 1511, 0)","(857, 2912, 1)","(618, 2671, 0)","(285, 138, 0)","(2685, 2392, 0)","(1434, 2220, 0)","(117, 676, 0)",-1,"(2394, 2897, 0)","(2572, 2936, 0)","(1053, 1081, 0)","(485, 1112, 0)","(2384, 2891, 0)",-1,-1,-1,"(201, 1196, 0)","(619, 2672, 0)",-1,-1,"(2570, 2936, 0)",-1,-1,-1,"(255, 1732, 0)","(1583, 2965, 0)","(1264, 2542, 1)",-1,"(937, 965, 0)","(101, 2121, 0)",-1,"(1245, 2575, 0)","(70, 2678, 0)",-1,"(745, 2291, 0)","(151, 1141, 0)",-1,-1,-1,"(1621, 183, 0)","(472, 216, 0)",-1,-1,"(1239, 1952, 0)",serpens-caput
constellation_06,61,"(827, 356, 0)","(1888, 1623, 0)","(163, 451, 0)","(1954, 2666, 1)","(839, 77, 0)","(1273, 2139, 0)",-1,"(1551, 2000, 0)","(2539, 1295, 0)",-1,"(2680, 1181, 0)","(1001, 1699, 0)",-1,-1,"(2786, 455, 0)","(2642, 468, 0)",-1,-1,"(175, 25, 0)","(386, 1066, 0)",-1,"(2762, 549, 0)",-1,-1,-1,"(1466, 1922, 0)","(1202, 226, 0)","(1201, 226, 0)",-1,"(1762, 2738, 1)",-1,"(1872, 1442, 0)","(1091, 1834, 0)","(2492, 1625, 0)","(1711, 2099, 0)","(1057, 2677, 0)","(1477, 1926, 1)",-1,"(608, 725, 0)","(2410, 610, 0)","(200, 731, 0)","(1773, 1557, 0)",-1,"(1147, 2025, 0)",-1,"(1671, 1619, 0)","(2159, 1344, 0)",-1,"(2399, 1140, 0)",-1,"(201, 731, 0)","(2141, 2959, 0)","(813, 1936, 1)",-1,"(2257, 1466, 0)","(569, 108, 0)","(2305, 1214, 0)",-1,-1,-1,"(2003, 2560, 0)",-1,-1,-1,-1,-1,-1,-1,-1,-1,-1,-1,-1,-1,-1,-1,-1,-1,-1,-1,-1,-1,-1,-1,-1,-1,-1,tucana
constellation_07,24,-1,"(548, 1313, 0)",-1,-1,"(1629, 2073, 1)",-1,-1,"(249, 1568, 0)","(963, 2628, 0)","(2760, 2233, 0)","(2063, 1445, 1)",-1,"(1021, 1938, 0)","(1948, 2160, 0)","(1933, 1368, 1)","(1482, 1826, 1)","(557, 489, 0)","(2226, 1333, 1)","(1945, 2151, 1)",-1,-1,"(1847, 2263, 1)","(1386, 1048, 1)",-1,-1,-1,-1,-1,-1,-1,-1,-1,-1,-1,-1,-1,-1,-1,-1,-1,-1,-1,-1,-1,-1,-1,-1,-1,-1,-1,-1,-1,-1,-1,-1,-1,-1,-1,-1,-1,-1,-1,-1,-1,-1,-1,-1,-1,-1,-1,-1,-1,-1,-1,-1,-1,-1,-1,-1,-1,-1,-1,-1,-1,-1,-1,-1,perseus
constellation_08,37,"(549, 2408, 0)","(1479, 420, 0)","(1376, 308, 0)","(563, 2419, 1)","(2290, 895, 0)","(1799, 1914, 0)","(2896, 2321, 0)","(550, 2409, 1)","(2418, 2504, 0)","(1231, 1146, 0)",-1,-1,-1,"(1426, 1722, 0)",-1,-1,"(549, 2407, 1)","(2395, 757, 0)",-1,-1,"(2290, 896, 0)","(549, 2406, 1)",-1,-1,-1,"(2492, 946, 0)","(830, 2485, 1)","(2521, 664, 0)","(1768, 1778, 0)","(550, 2407, 1)",-1,"(2464, 1372, 0)",-1,-1,-1,"(2037, 2861, 0)","(1475, 2688, 0)",-1,-1,-1,-1,-1,-1,-1,-1,-1,-1,-1,-1,-1,-1,-1,-1,-1,-1,-1,-1,-1,-1,-1,-1,-1,-1,-1,-1,-1,-1,-1,-1,-1,-1,-1,-1,-1,-1,-1,-1,-1,-1,-1,-1,-1,-1,-1,-1,-1,-1,hydra
constellation_10,60,-1,-1,"(1151, 328, 0)",-1,"(680, 1481, 0)","(642, 2533, 0)",-1,"(174, 580, 0)","(680, 1483, 0)","(1007, 1657, 0)","(157, 622, 0)",-1,"(1787, 2731, 0)",-1,"(2424, 872, 0)","(2034, 797, 1)",-1,-1,"(1803, 1763, 0)",-1,"(1831, 2625, 0)","(1757, 912, 1)",-1,-1,"(1599, 1382, 1)","(1831, 2626, 0)","(175, 580, 0)",-1,"(25, 2941, 0)","(2167, 1825, 0)","(85, 2785, 0)","(669, 964, 0)","(757, 2531, 0)",-1,"(2755, 1107, 0)",-1,"(1778, 2135, 1)","(47, 2038, 0)",-1,-1,-1,"(2048, 2467, 1)","(2621, 1932, 1)","(1804, 1763, 1)","(1559, 2302, 1)","(1429, 2488, 1)","(1006, 1658, 1)","(1319, 1141, 0)","(653, 591, 1)","(682, 1483, 1)","(388, 1792, 0)",-1,-1,"(2045, 807, 0)","(1145, 973, 0)",-1,"(2330, 2010, 1)","(415, 1157, 1)",-1,-1,-1,-1,-1,-1,-1,-1,-1,-1,-1,-1,-1,-1,-1,-1,-1,-1,-1,-1,-1,-1,-1,-1,-1,-1,-1,-1,-1,centaurus
constellation_11,52,"(2392, 1615, 0)",-1,"(2169, 2723, 0)","(2940, 2803, 0)",-1,"(2723, 1947, 0)","(30, 73, 0)",-1,"(2128, 1972, 0)","(2782, 2876, 0)","(1256, 2795, 0)","(1471, 2609, 1)","(1267, 2060, 0)","(932, 2907, 0)","(1660, 1976, 1)",-1,-1,-1,"(1333, 1801, 1)",-1,-1,-1,"(946, 2403, 1)","(1023, 1969, 1)","(1210, 1691, 1)",-1,"(1612, 1160, 1)","(1009, 1795, 1)","(1656, 1342, 1)",-1,"(2681, 1336, 0)",-1,"(1012, 2071, 1)",-1,"(2773, 2823, 0)","(1835, 1723, 1)",-1,-1,"(2140, 2284, 0)","(682, 620, 0)",-1,"(620, 2624, 0)","(640, 1813, 1)",-1,"(1012, 2070, 0)",-1,"(2118, 1828, 1)","(1816, 1476, 0)","(1913, 2227, 0)","(669, 2679, 0)",-1,-1,-1,-1,-1,-1,-1,-1,-1,-1,-1,-1,-1,-1,-1,-1,-1,-1,-1,-1,-1,-1,-1,-1,-1,-1,-1,-1,-1,-1,-1,-1,-1,-1,-1,-1,-1,canis-major
constellation_12,28,-1,"(2068, 832, 1)",-1,"(1607, 351, 1)","(2207, 2175, 1)",-1,-1,-1,"(1540, 2349, 1)","(1195, 559, 1)",-1,"(2151, 2388, 1)","(2551, 2149, 1)","(1177, 1079, 0)","(1893, 1244, 1)","(2165, 1656, 1)","(1628, 1183, 1)","(364, 67, 0)",-1,"(2070, 831, 0)","(1273, 754, 1)","(733, 943, 0)",-1,"(712, 487, 0)",-1,-1,-1,"(2136, 2816, 0)",-1,-1,-1,-1,-1,-1,-1,-1,-1,-1,-1,-1,-1,-1,-1,-1,-1,-1,-1,-1,-1,-1,-1,-1,-1,-1,-1,-1,-1,-1,-1,-1,-1,-1,-1,-1,-1,-1,-1,-1,-1,-1,-1,-1,-1,-1,-1,-1,-1,-1,-1,-1,-1,-1,-1,-1,-1,-1,-1,lupus
constellation_13,32,"(2409, 580, 0)",-1,"(2527, 289, 0)","(529, 1551, 1)",-1,"(1612, 715, 0)","(1889, 1588, 0)","(1582, 2254, 0)","(1890, 1586, 0)","(957, 1304, 0)","(2916, 1757, 0)","(1892, 1589, 0)","(140, 2083, 1)","(2308, 1960, 0)",-1,"(2827, 92, 0)",-1,"(1856, 1441, 0)","(2828, 92, 0)","(2369, 1319, 0)","(297, 1338, 1)",-1,"(17, 2967, 0)",-1,"(497, 1564, 0)",-1,-1,-1,"(171, 1487, 1)","(1775, 2676, 0)",-1,"(388, 1608, 1)",-1,-1,-1,-1,-1,-1,-1,-1,-1,-1,-1,-1,-1,-1,-1,-1,-1,-1,-1,-1,-1,-1,-1,-1,-1,-1,-1,-1,-1,-1,-1,-1,-1,-1,-1,-1,-1,-1,-1,-1,-1,-1,-1,-1,-1,-1,-1,-1,-1,-1,-1,-1,-1,-1,-1,pavo
constellation_14,36,-1,"(1720, 850, 1)",-1,"(2092, 743, 0)","(1736, 1259, 0)","(2053, 1778, 1)","(2048, 1115, 1)","(1138, 82, 0)","(296, 1513, 0)","(1557, 1378, 0)",-1,"(1013, 829, 1)","(1289, 2155, 0)","(2092, 742, 0)","(1627, 781, 0)","(2431, 2203, 0)","(585, 1265, 1)","(2053, 359, 0)",-1,"(853, 440, 0)","(715, 2830, 0)",-1,"(1438, 2137, 0)",-1,-1,-1,-1,"(713, 2830, 0)",-1,"(1386, 822, 1)","(1718, 850, 0)","(715, 2830, 0)","(475, 2348, 0)",-1,-1,-1,-1,-1,-1,-1,-1,-1,-1,-1,-1,-1,-1,-1,-1,-1,-1,-1,-1,-1,-1,-1,-1,-1,-1,-1,-1,-1,-1,-1,-1,-1,-1,-1,-1,-1,-1,-1,-1,-1,-1,-1,-1,-1,-1,-1,-1,-1,-1,-1,-1,-1,-1,corona-borealis
constellation_15,69,-1,"(1412, 1988, 0)","(2398, 1721, 1)",-1,"(2361, 1479, 1)","(840, 2629, 0)","(2464, 623, 0)","(1068, 1556, 0)",-1,"(1847, 1690, 0)",-1,"(2257, 1508, 1)",-1,"(1393, 1931, 0)","(2416, 1712, 1)","(223, 1485, 0)","(2928, 666, 0)","(1657, 1474, 0)",-1,"(1449, 1464, 0)","(536, 324, 0)","(2377, 1599, 1)","(2354, 1600, 1)","(2278, 1334, 1)","(74, 2595, 0)","(2388, 1666, 1)","(2189, 1382, 1)","(2361, 1533, 1)",-1,"(2216, 1225, 1)","(2257, 1516, 0)","(648, 2492, 0)","(1206, 883, 0)","(1629, 1321, 0)",-1,"(2204, 1374, 1)","(1499, 1816, 0)","(1289, 2218, 0)","(548, 805, 0)",-1,"(694, 1734, 0)","(2365, 1637, 1)","(1258, 937, 0)","(2351, 1614, 1)","(2239, 1420, 0)",-1,-1,"(1423, 1816, 0)","(2361, 1532, 1)",-1,"(2260, 1483, 1)","(1399, 1359, 0)","(272, 2624, 0)","(1070, 2614, 0)","(1414, 1067, 0)","(920, 2282, 0)","(112, 2414, 0)","(797, 1421, 0)","(2263, 2188, 0)","(994, 2524, 0)",-1,"(1270, 686, 0)","(1908, 1815, 0)",-1,"(1894, 1467, 0)","(1524, 1288, 0)","(1916, 2064, 0)","(512, 2009, 0)","(2356, 1490, 0)",-1,-1,-1,-1,-1,-1,-1,-1,-1,-1,-1,-1,-1,-1,-1,-1,-1,-1,eridanus
constellation_16,21,"(852, 1277, 0)","(653, 1899, 0)","(464, 1834, 0)","(1574, 891, 1)","(1473, 2611, 0)","(703, 279, 1)","(1416, 954, 1)",-1,-1,-1,"(509, 2010, 0)","(1051, 2012, 0)","(850, 1269, 0)",-1,"(528, 2028, 0)","(449, 1394, 1)","(1739, 1742, 0)","(1445, 1062, 1)",-1,"(347, 872, 0)","(2254, 1607, 0)",-1,-1,-1,-1,-1,-1,-1,-1,-1,-1,-1,-1,-1,-1,-1,-1,-1,-1,-1,-1,-1,-1,-1,-1,-1,-1,-1,-1,-1,-1,-1,-1,-1,-1,-1,-1,-1,-1,-1,-1,-1,-1,-1,-1,-1,-1,-1,-1,-1,-1,-1,-1,-1,-1,-1,-1,-1,-1,-1,-1,-1,-1,-1,-1,-1,-1,lepus
constellation_17,29,"(894, 2152, 0)","(1207, 661, 0)","(2767, 1020, 0)",-1,"(757, 37, 0)","(1913, 827, 0)",-1,"(2246, 1171, 1)",-1,"(2555, 1365, 1)",-1,"(2823, 1133, 1)",-1,"(1914, 829, 1)",-1,"(2762, 1021, 0)","(2533, 1207, 1)",-1,-1,"(2897, 1311, 0)",-1,"(1852, 66, 0)","(2582, 209, 0)","(2895, 1306, 1)","(2887, 340, 0)",-1,-1,"(2221, 394, 0)","(2764, 1022, 0)",-1,-1,-1,-1,-1,-1,-1,-1,-1,-1,-1,-1,-1,-1,-1,-1,-1,-1,-1,-1,-1,-1,-1,-1,-1,-1,-1,-1,-1,-1,-1,-1,-1,-1,-1,-1,-1,-1,-1,-1,-1,-1,-1,-1,-1,-1,-1,-1,-1,-1,-1,-1,-1,-1,-1,-1,-1,-1,ursa-minor
